zcr,rms_energy,mfcc0,mfcc1,mfcc2,mfcc3,mfcc4,mfcc5,mfcc6,mfcc7,mfcc8,mfcc9,mfcc10,mfcc11,mfcc12,sp_centroid,sp_rolloff,sp_bw,label
0.105211581,3.6297870502,-259.198697771,107.570618377,31.7917036932,17.9483328165,-0.2636467631,16.9772031976,9.6439999512,8.3610250631,-7.6576275034,15.5463733454,-17.0207165129,1.0524422634,-14.9284962674,4839.62593648,11926.4468306,5135.48302498,104 - Cow
0.0472692503,2.9286857481,-355.513262186,152.54495933,-7.1244436878,-26.1686423282,-13.2353319973,-11.4286914275,-6.9675020384,0.1429339167,1.9274822574,0.5938590031,-1.0876476967,-4.6469455602,-5.380999162,2315.21782149,5804.37232635,2610.34519554,104 - Cow
0.0389945258,1.216954271,-364.783472324,153.621305982,5.4238691046,17.3299406378,7.6998367224,10.8831580837,12.5751000901,-6.6207226115,3.0374263013,3.7038951347,0.6583459969,1.1667679761,-7.6217321054,1987.14479015,5416.4249429,2993.52660008,104 - Cow
0.0214866408,2.2961711358,-286.465192036,191.958725673,5.8529813911,-9.7051219868,4.5505912398,11.0341620996,3.4914008069,9.1407424441,13.4265875958,8.1418380015,7.1683073672,-2.067012405,0.61288353,1148.21196533,2450.4385468,2093.73089989,104 - Cow
0.0398090832,6.0220164599,-222.716723224,125.78323506,-21.4710036031,13.4449255572,6.6776854544,11.4573571134,-0.1713403192,-1.102577627,-2.9805511178,-0.0204345466,-7.4313468294,2.2948063911,-2.7764203741,2084.23616876,4962.07935307,2664.35048425,104 - Cow
0.0384688588,3.354483971,-362.376586402,60.0910105507,-6.8442070048,5.9195434661,9.073847293,8.0630621226,2.1151461744,3.4392953399,0.8162081956,-1.6178807222,-0.9484608165,-0.470448687,2.4354128143,3288.20802878,9755.04062591,4131.10546523,104 - Cow
0.0264283643,5.8673279789,-191.316062906,201.895495034,-12.2276653371,-24.0611753547,10.4139884466,-5.580639446,-13.662129673,-4.402089949,-6.2855811299,-12.2462100214,-11.8377308015,-7.8366669408,-6.026321523,1073.10671163,2264.38367804,1248.09728446,104 - Cow
0.0047355351,5.6166985515,-350.287630628,66.1398362917,-5.315370209,2.4601020933,0.5484603048,3.2556392474,-1.0856360043,-0.6862378144,-0.4731784298,1.1569529116,0.8291448303,0.427898218,1.251413174,375.421161029,857.631008918,685.582321911,104 - Cow
0.0116201874,3.5243069469,-356.796519295,59.3836147254,-12.5613797457,2.5446075141,-5.5635446789,3.299608127,-1.662610952,2.8766337526,-0.2575163354,2.3309969712,-0.8126010327,-2.5092209231,0.2181479149,520.70718729,1207.75789407,733.614297543,104 - Cow
0.0432406468,1.3176069125,-352.723362938,161.990486518,-21.5504475697,17.2528004392,1.8373593059,-3.045943064,2.6707361413,11.7012566599,-0.2127794783,0.744217229,-2.6630662201,0.8740011009,2.0296982929,2061.53599755,5172.46524253,2668.42259213,104 - Cow
0.0417554107,1.893974198,-432.587551308,118.412918598,34.5814614375,-17.9296031753,-15.6412647588,5.3784968185,7.4653497996,-8.9381078693,-21.76853091,-19.9650608039,-10.3571505663,-3.2122638558,-1.1037843899,2063.09644408,5814.56437609,2571.65115994,104 - Cow
0.0828310796,4.523175812,-199.293109168,114.404536632,5.5167740236,21.2493576715,-6.321090891,9.0991836569,-6.6637444712,1.9740879724,-7.6040900053,-1.10608439,-11.0951429325,-6.4816634382,-11.1369749328,3865.76035426,10058.0043005,4292.47127143,104 - Cow
0.0303663356,4.4974890296,-213.392698341,231.455709895,-25.5193355034,-9.5988116684,14.2005253432,-5.5322563717,-10.285617547,-2.0930378626,-2.6752326485,-8.7973849701,-13.8605090937,-10.2636843067,-4.4793747425,1087.4747453,2318.94112076,1295.82420108,104 - Cow
0.0390942213,1.8143712589,-268.564779155,206.491989783,-55.7081946657,5.0538910793,10.8924459486,8.5925728711,5.0327286597,6.7215162743,9.6398823282,5.396805391,1.5214906048,-0.9789963012,2.8863427199,1493.67726443,3116.31912975,1804.61088358,104 - Cow
0.0447530724,1.9299386638,-274.43196792,155.901049555,1.2408843647,7.0169732267,-21.2510051091,-6.0554834242,0.3608906921,17.2618329176,-2.9840142764,-13.4833506052,-11.9198229517,-6.387480172,-9.9205870716,2299.01338953,6333.1598481,3200.43122659,104 - Cow
0.0147809872,4.045623192,-330.691957226,80.8460633341,-13.8718087969,-3.9879288975,-8.0501203076,-3.310109322,-5.4495895518,-4.2375082105,-2.3788425965,-0.0491966271,-0.5335058966,-3.2603411527,-0.6449355309,604.880507731,1185.27543141,827.334830527,104 - Cow
0.0265552494,5.3617500661,-199.349589481,222.582586034,-12.2075423102,-17.7636416027,7.5105687761,5.4072295377,-5.9434333236,1.5456046529,0.5137087366,-7.8688875225,-0.7885202266,3.2521116843,1.7785661406,1072.18259002,2145.22662594,1484.74754773,104 - Cow
0.0700020845,1.7862773917,-255.325066017,137.589933057,-29.7385679055,11.3426768781,-8.4031917629,16.7677751738,-10.3029963709,4.6706503383,0.6332721035,2.1543241658,3.034425902,2.6091138193,-2.8900936941,2908.49781571,7786.12646824,3349.08846688,104 - Cow
0.0199413609,2.0033601323,-301.892635234,190.216468454,-12.1717390299,-8.6188331179,13.2660818596,9.3046131664,17.6104543245,16.3747696821,11.2702162645,12.8552591817,9.4301902673,10.9804002467,3.7875697406,1148.74677867,2578.73846705,2103.65521183,104 - Cow
0.1068146389,1.1137304113,-406.295978303,88.1197396968,-8.9928943411,-6.3827153703,-14.8538092334,-12.4600339671,-14.5114076594,-8.2267135846,-7.9530636575,-4.9645844161,-2.5935564779,-4.2464070418,-1.2858570545,3826.99684798,9210.31553618,3740.14620663,104 - Cow
0.017215596,3.4921125424,-405.45618234,95.7063475161,-8.7160301515,-5.8622572311,-14.1784231187,3.2606566106,-5.3661809435,0.0285006646,2.5246526662,1.0573857891,2.1325443009,-11.1350487044,-9.3876744619,612.943714778,1129.61884607,884.102830098,104 - Cow
0.0397116535,1.4020938043,-446.97356587,96.0005308992,-13.515248747,-7.4091405329,3.1256686029,-5.3350494416,-0.7257343523,0.5043784514,-4.3581368636,-6.40268778,-3.283685206,-2.5610704675,-6.4678968267,2470.83773561,6989.34799159,3019.41952913,104 - Cow
0.0458010078,5.8395830766,-163.860882066,162.704746805,-26.4281133778,4.0404435462,-6.6598238542,26.3410443048,11.6191787881,21.2569959,2.5896384115,5.6428974952,-2.0444993934,4.1102364083,-0.2824285148,2315.22981598,5839.24512398,2999.30834863,104 - Cow
0.0201588783,2.3706290314,-275.260424945,204.070447172,-20.2049207195,-2.9441705978,1.8970163716,7.056092455,7.5059749246,10.7891233157,10.2379675517,10.2416214059,-0.2048841282,7.2805717256,2.3472993252,1170.15519643,2550.11079793,1976.72590769,104 - Cow
0.02357798,9.0014927859,-192.92981568,150.463613774,-22.1127361399,-3.7336584244,-4.3447371773,10.8017087061,3.5982540193,7.3145414938,2.4657280205,5.6282041056,2.2785337736,-0.1009833846,-4.2498520626,1147.59965487,2390.38539099,1740.14265715,104 - Cow
0.0156419935,3.5513294634,-366.679224689,76.6149055479,-15.6205663859,-1.5869324368,-9.3873306633,1.1486894735,-3.2903090227,0.5720537389,0.3237361921,1.5766148045,-1.7397508818,-4.1588403096,-1.714363139,598.78487238,1207.25828379,765.625254378,104 - Cow
0.032559636,2.6321262636,-271.234027503,189.862500564,-11.8059072684,-3.5847404632,-8.0174801394,-11.7390661334,-8.5007028513,4.0995108268,-0.4978484283,-4.3632104044,-2.4843787801,-6.7451472206,-6.6590299116,1602.64860082,3739.83276084,2315.60872044,104 - Cow
0.0239620342,2.3891437878,-352.143828559,140.374375761,7.2412700027,-14.6282287025,-7.0679376861,7.705050746,14.5981700265,-1.8611150498,-9.9229435112,-8.9500400346,-10.3298627809,4.1009297872,-2.9230314828,1249.29567416,2896.49060597,2003.35613252,104 - Cow
0.0392902135,4.0995420616,-186.599175035,209.675726068,-46.612233264,-5.0826365255,-20.9358641613,14.7555725668,-3.9951993254,12.8513765164,6.837664281,-1.3064133091,4.2618906867,-3.8631454883,2.3619471876,1472.12189137,2828.54360771,1873.77765245,104 - Cow
0.0440687989,1.5889671547,-260.976126452,174.74693412,-38.4036971723,16.6297618845,-3.2197792206,0.6725047472,3.5283504565,-6.4182984619,-3.7372954105,-4.1187305141,-4.576717404,-9.5501204395,-12.405250559,1835.73049857,4462.86875997,2241.7531809,104 - Cow
0.0660221958,3.6631125701,-346.652427941,137.660321712,6.2324840057,0.8241163346,-4.9463859622,-14.4802998909,-1.1957154683,-1.0910684609,-10.1434857358,-2.3117198715,6.0635860814,-6.3071626642,-12.3582853657,2124.68516135,4625.99151682,2391.97527336,104 - Cow
0.0361294138,4.9792092936,-220.041331281,192.851750448,-15.9792778641,1.8006835855,-7.4428819904,-5.0319037078,2.7634017322,0.5116081873,-1.8228691634,-7.8565869803,-9.609801141,-5.6740292842,2.4487445038,1368.94466728,3207.29816198,1876.38837933,104 - Cow
0.0376078524,3.7973893397,-203.705009523,176.93713805,-29.1395285364,8.4381265368,1.1118416319,1.4949611847,5.0493349662,-9.4574396001,-6.8316279901,-5.1290865271,-12.4216787892,-13.4355555045,-8.9473213686,1658.05734923,4032.15473644,2094.93577872,104 - Cow
0.0273120287,1.8751609088,-297.894077309,227.034443973,-23.2309842552,-10.0821221037,11.4791132775,3.0364851969,10.072788058,8.7789298531,10.4575500692,11.8084726771,8.4415885632,2.1905870594,-2.8764085429,1032.87414015,2167.15951729,1515.08229978,104 - Cow
0.0341094475,2.7536692549,-245.437562499,189.642945636,-29.1367162617,-4.5461237641,-2.0554395833,10.9445357157,13.4454843924,11.1118324018,3.8388226697,8.2041059592,9.0113093076,7.6419540394,-4.3676339813,1498.91459939,3327.00478538,2250.29359057,104 - Cow
0.0347314113,8.3602026897,-185.39939077,161.37624782,-16.1966850581,-4.6795092468,-8.4268034884,-4.193024062,0.7372533172,-1.6311610847,-9.5202266163,-12.1439798619,-9.5145484749,-0.4000908747,6.2856545511,1548.65647734,3383.11101998,2141.03713809,104 - Cow
0.0149226001,3.8541189508,-363.287239628,73.3981416012,-13.7734603416,-1.9665455845,-9.3115714482,1.5263636337,-5.9920998037,-0.3960736875,0.543479381,-0.7398709716,-0.2244363729,1.0673102741,2.338685184,590.759402002,1172.03575895,782.501972499,104 - Cow
0.022560633,6.4122626947,-201.725237433,233.958108832,-3.0539718287,-14.7561943289,12.7735080799,-3.3367917156,-12.215717636,-6.2472871,-5.1329169973,-10.9563706761,-13.0553289235,-6.9994694182,-2.1965423393,882.912844663,1861.64783026,1170.9381512,104 - Cow
0.0615800827,1.2013516356,-407.117385118,133.088144462,-41.5761120893,-17.1312856036,-20.9397271247,-12.0083599223,-18.7373430183,-10.494939174,-6.7411770099,-12.5137451961,-3.9988887628,-7.7249910144,-5.3483608424,2396.5228155,5419.6224487,2422.01574601,104 - Cow
0.0356467971,1.4544612109,-361.225057816,144.42248305,-6.5330119476,8.0654966272,1.3124422365,-5.8756480684,0.0261854172,4.1613083196,-2.9196397197,-4.0945616226,-1.3637604169,-1.0925865703,-6.1630586421,1875.20000587,4977.01770048,2571.53580256,104 - Cow
0.0763486079,4.0232880829,-229.725606741,150.800964186,-66.2112803159,-1.5846768234,-13.5878848161,-31.2027854816,4.8254844691,13.682899157,-3.7935493971,-3.9237451664,-2.3193712132,-2.3420046049,-8.5507136845,2302.23774351,4503.33719276,2154.56199542,107 - Hen
0.1753983287,0.336326915,-363.730187975,93.4885709167,-15.969805887,22.4285957181,-42.5289975518,17.6053849354,-24.3852517441,23.1146869797,-21.2444731335,13.5848962308,-15.4104557097,-0.4381302437,-10.0815175168,5162.74652917,12470.522427,4615.58448544,107 - Hen
0.0803092372,1.7737824375,-222.478466712,132.034778021,-65.5247246577,10.7149500787,-9.3856733252,8.5836423703,4.2191202815,10.4974547406,-22.4708933343,-13.897443859,-12.5560703746,-2.0055644053,-11.4155642213,2869.47211447,6314.57434564,2973.8288493,107 - Hen
0.0617171639,2.1428777889,-323.319230338,133.516620729,-8.2229249963,-3.3029239701,-26.8208227017,9.7109962729,-1.6555206659,11.8448129264,0.0521747373,0.6847201031,-1.1925678461,3.169394075,-6.9567098296,2843.75002096,7045.55414824,3287.23630116,107 - Hen
0.0622439639,3.7351207031,-209.204410898,138.690385597,-92.2922071992,-6.1353723139,-47.1121176508,-29.0404934209,-16.5419175964,-7.7331722232,-8.4040358095,-15.4311724179,-4.2321788708,-4.8452154488,0.660536035,2376.07984341,5117.55807261,2203.4082587,107 - Hen
0.053307624,2.3060732373,-270.828044937,166.435100995,-42.4203402971,-7.6138058625,-3.1138965461,3.5026785076,-1.5424308657,9.9042280822,3.711487993,-3.0092945858,0.4588053889,2.3920778905,5.9296290512,1918.75760582,3988.53875888,2170.01048633,107 - Hen
0.0326208128,0.8270439662,-546.094706288,106.081227761,31.8497013177,-24.691166252,-43.8239752214,-36.6865520717,-21.8716203796,-11.217078888,-7.020214334,-5.6502417947,-5.5252310561,-6.4435676893,-5.5589609929,1866.91070064,4537.76034114,2388.17454037,107 - Hen
0.0500969765,1.2290811637,-372.933446942,48.1256060509,-18.5083557741,-7.0392888493,-18.9158387774,-10.6388399655,-15.2608618169,-7.3450927343,-1.1994715925,-3.0060129,-1.8012156766,-0.9082495158,-0.686709688,2128.30629186,5458.29228448,2278.37111656,107 - Hen
0.1543251976,0.240228192,-401.28055897,91.3179294706,-36.2048271986,8.2013485933,-39.3849010843,13.2784474552,-24.2654399469,7.6444205474,-16.8321542557,-0.042176043,-15.0878547013,-7.2409742935,-9.993210994,4687.20136066,11242.1805893,4160.5116634,107 - Hen
0.047694089,2.1164052844,-223.367930473,155.87507866,-7.7172903475,3.2906434872,-40.3325550526,-2.5906774537,-13.6152266609,8.0416498354,-8.3900924118,3.4858774387,-9.893606525,-0.7386272584,-10.787255093,2409.21636225,6638.57161307,3336.0822266,107 - Hen
0.0913187899,0.5140509215,-327.267499271,112.559885746,-45.3274607697,12.4723528832,-22.9458522664,3.5807682116,4.8220810512,10.4308892726,-0.4337810698,8.6067689882,-5.7638202453,20.0553923254,5.8279166136,3620.36518671,9036.00150903,3862.98186727,107 - Hen
0.1178037993,0.7974276431,-300.208953955,113.365166331,-10.3470862231,10.2218699442,-53.2420302481,8.0062881887,-27.2641161201,23.3037541919,-19.0875865047,17.1258957889,-8.3445231995,1.2952189221,-16.3496616949,4470.4292994,12510.2414443,4717.80917116,107 - Hen
0.0595612493,3.3783535727,-230.218466468,127.19763603,-58.0723362321,-24.6701297728,-25.1529154928,-39.8700009644,-14.1216736331,2.9388262471,-11.7920342582,-18.3491764559,-13.9916734082,-11.802660764,-7.9797844509,2370.57712897,5052.3589309,2652.88820888,107 - Hen
0.0555349115,1.4226065044,-221.303883864,149.735669458,-19.1566799545,13.2247578143,-18.3837823733,14.7988590089,-6.6270776915,14.7081161119,-1.0700953791,15.2466889213,-5.8436631507,10.1937248214,-6.3143651816,2721.99597627,7788.37471451,3669.75751292,107 - Hen
0.0466801407,0.4292533873,-510.624695514,63.9508142409,-20.0453683758,-2.6196190473,-14.5350004806,-4.1650033488,-15.1200965717,0.6436653253,1.0468662226,-2.8312052023,-4.2638320895,-4.3102144847,-7.3388739671,1921.78801649,5035.87179162,2073.89796017,107 - Hen
0.0779335394,2.5707436322,-219.404106125,110.501285354,-8.6191464124,13.4407450207,-14.3557184189,5.2484450284,2.7478368852,17.291714477,-1.7655935002,10.5632628744,-8.3235849069,7.3147509077,-1.7691750579,3969.20290168,11017.6057678,4506.99726914,107 - Hen
0.0626064929,2.3416940148,-188.267610824,140.832743128,-43.2168021836,0.7862128874,-15.143971546,4.6780874004,-6.6385443627,12.4753198152,-12.3945519032,-8.8628832753,-21.3960704283,-10.8828490536,-16.3503038605,2658.99288841,6595.40528477,3276.43185957,107 - Hen
0.0962809056,0.8047781415,-267.887897749,107.571576568,-5.2685001399,25.8414746649,-23.9582388068,12.3476740771,-11.0283171671,14.9333771738,-8.7414707921,10.3658231639,-8.8933410463,5.3431911961,-10.6529800051,4185.51756549,11122.723771,4507.64147912,107 - Hen
0.0739445874,0.5073518645,-435.285179979,91.8253155705,16.3195229657,-0.701994702,-4.7859251847,-5.8652699702,-10.1301157055,-0.0611093589,7.7945337973,6.7996899794,5.5342328078,7.8688259751,5.8979413492,4419.23629549,11798.4966375,4859.81077078,107 - Hen
0.0269415694,1.1719186669,-409.480513312,35.3017391783,-14.0529530773,3.5216534235,-5.0842060999,-5.1680284647,4.4698195609,3.2288805313,-0.4238444304,2.0403343108,-0.9241973467,-3.5835497619,-4.01393605,934.153605615,1972.96100094,898.838209248,107 - Hen
0.05137829,2.3066370881,-255.653469761,169.141460417,-30.5388743331,-12.8754856206,-0.4722187598,-3.0966018148,-5.3472283542,6.7893057459,2.4635749525,1.4988945725,4.3188582619,7.0941243229,8.7955195532,1807.54020014,3734.4369698,2088.22256001,107 - Hen
0.0982827454,0.9379856998,-371.24912967,103.840142254,-24.7870328477,-2.7966227871,-19.8210334891,-18.1141011336,-16.9285195533,-16.4535364716,-3.1619193459,-4.5915211839,2.7630796564,0.5754327373,-4.8283367574,3050.18552352,6989.5478357,2807.99502516,107 - Hen
0.0135110028,3.5438616921,-365.181876232,119.953030435,31.2034845245,24.883813005,-0.2692350369,16.0847473116,-2.3312491184,12.3929553837,17.467285253,18.6180264238,15.4441657888,13.5862305129,8.2907707575,1086.2082857,2984.07228828,2313.91336641,107 - Hen
0.0334161108,3.1622939318,-217.511887497,170.729382084,0.2047686112,15.0526496096,3.484391131,-4.9873294711,-1.5978024026,10.8158706934,4.3496544578,4.8500874614,2.4301254405,5.8433274349,-0.7745605692,1830.88668368,4779.2219901,3002.594273,107 - Hen
0.0487907392,2.418234667,-314.339989992,87.8066791124,-21.463879357,-21.3574144517,-26.4289157286,-12.2428243713,-8.3390157161,11.2428011558,10.9215870316,5.697549127,-4.0037089699,-1.3143000958,-8.2243578674,2383.02222452,6159.89500254,3026.22696577,107 - Hen
0.1140425609,1.8920154735,-196.859523183,116.92092644,-21.0962877307,18.4877939648,-32.2592133284,2.6938320336,-14.1951920593,16.301238031,-5.6596516149,10.3229708952,-9.0508664686,6.3602537497,-9.6609793064,4045.8607597,9587.52129858,3989.30097902,107 - Hen
0.0398362728,2.6635695271,-324.081535384,74.7489941735,-13.9292229462,-17.1934055694,-21.0934882852,-7.8234232437,-3.4584930288,14.66427437,13.4551170324,8.7946621562,-2.0006562452,-2.0942379966,-4.693916829,2227.04662962,6002.1180757,3070.33344425,107 - Hen
0.0539454484,2.1451703162,-318.007977681,88.3666029794,-23.3950199968,-26.0113172474,-27.3700240055,-11.5836874904,-8.3206956496,9.7291598083,9.5540686459,5.8897642844,-7.8056336141,-3.9159349137,-4.0234348128,2305.89325562,5461.09010205,2833.20393321,107 - Hen
0.0920789679,1.0393602276,-316.363477646,105.59901352,-4.5376588824,4.2470121249,-23.3226096175,-9.5905612999,-11.2010999849,-2.1819544506,-5.5074940903,-0.4639154851,-0.1468613269,1.9184174762,-1.5967104666,3725.91161859,9581.77578034,4015.60339812,107 - Hen
0.0887029165,0.6093769954,-380.320579918,63.096103176,14.358977304,-2.4489161048,-6.4495290584,-10.063219231,-12.9586050811,-5.6447827511,5.0228331452,9.2054784619,9.0966696648,8.5520265622,7.2007696791,4355.40680148,11616.2887679,4798.34229952,107 - Hen
0.0579921784,0.3885873016,-347.185259399,130.785185033,2.3730986183,15.8474262015,-14.5058425414,5.3816496367,-9.2036389844,16.389929491,-8.2971030559,1.4628917548,-6.0498182941,10.2710169175,-2.8186960894,3196.29266053,9964.92690509,4225.91835077,107 - Hen
0.063657827,3.253199415,-272.178653055,144.423177671,-3.2769924104,-9.6231722548,-13.6459361966,-13.6306975814,-10.1485023774,4.7218255863,1.2189830434,2.3583418946,-2.2397894176,5.8247812086,-1.9101659589,3146.81575258,9851.26556609,4196.14843516,107 - Hen
0.0302122607,0.4911856152,-527.693950359,61.7665750258,-15.1462727703,-11.6944168904,-11.5213716575,-13.020435672,6.4809351998,12.9637939807,8.028657708,2.1459810393,-3.8192219295,-2.1649665209,3.1308402791,1089.64740235,2110.7035555,943.579462658,107 - Hen
0.0576217191,3.5598945448,-257.234216817,133.038112902,-40.4487421768,-18.5221122174,-1.1150429501,-2.4714799415,-5.4659714768,5.3847697191,6.5269815129,1.9748219413,0.3418887562,6.6393194993,8.5961813008,2200.54252929,4674.60359719,2558.56292592,107 - Hen
0.0610306246,2.2521232025,-251.446740871,151.324427334,-60.975232987,-27.0464998185,-33.4453747884,-31.3895872308,-14.6067871745,3.3288992029,-15.9678844654,-18.5634539089,-19.219126543,-6.3640048957,-11.1270827906,2188.38212889,4584.87359067,2554.42605942,107 - Hen
0.0511233867,1.5739741884,-391.477053962,137.02580062,-0.4175637775,-22.8268511794,-20.1691613599,-5.2067817763,0.824940396,13.3988489924,5.7950725391,-3.9948069351,-0.6013725872,5.8898913843,6.6636740416,2342.04843045,5560.76235318,2874.14877273,107 - Hen
0.0924539588,0.3375027788,-417.43252402,105.163200664,-21.0918205671,6.0563592244,3.55864746,-22.8233803625,-6.2609119912,15.9618943187,6.3792086848,-2.7070284574,1.3998150983,2.6384366888,-3.7399204749,2708.65489478,5585.79282827,2665.92947862,107 - Hen
0.0601175047,2.522523001,-283.976914792,121.01274006,-46.0226911062,-17.7032762349,-29.0244296589,6.9870391246,-6.5039675793,18.1842278045,14.5839146508,-9.6300275895,-12.7945151829,1.6552799664,-7.4593625123,2755.82793084,6983.25274616,3135.67795534,107 - Hen
0.0462700297,5.0681417129,-232.686033003,192.844224582,-43.5598985619,-43.1341509432,-16.3131233337,-35.3683052827,-8.4966861245,16.5212393124,9.6980818017,2.9078278591,2.6082579899,4.1260099272,-1.1370551653,1349.01344749,2604.46839653,1115.47255888,107 - Hen
0.0335826475,1.1867208119,-407.457048687,62.249149609,-17.9521648574,9.3229067662,-1.2420810318,-7.5972098872,-0.3222156888,3.7698039672,3.8646856742,6.1905031041,2.4188995585,0.9225130152,2.5274685175,1114.43380563,2400.62740175,1154.27008198,107 - Hen
0.030676751,0.1972042892,-494.461665535,123.37087907,22.7935101429,-9.5967237859,9.9280992997,23.1865196732,19.8981256436,9.6661371305,-1.9242812613,-2.1270889085,9.6979881567,14.4736657828,6.8764748231,2422.77086091,8377.76496338,4159.5615492,105 - Frog
0.0284154764,0.2124960799,-510.414235156,145.35263251,21.6200720109,-11.8455260044,8.4194073986,13.2608395754,19.0671050034,15.0558660142,-0.6068879978,-1.8513817061,5.9351062963,11.6521988944,5.7395751503,2351.60153878,8381.41211844,4110.42256739,105 - Frog
0.0885737656,2.0313160998,-331.532547445,105.557742448,-121.372277264,-15.4017054,19.9416030602,28.8064597301,14.7687870795,30.4687094541,39.8554778556,18.3392097017,-2.4962929413,-10.5278792076,9.9029390362,2399.24779011,3965.85645211,1710.88441129,105 - Frog
0.088802612,2.6116815756,-329.214228372,146.728633975,-119.598444008,-75.1201936698,-3.346582939,7.2465020283,0.1689628079,-1.4544043503,39.0527604553,42.1331823842,12.6882586141,-1.2766581623,-23.1540277694,1980.12943119,2592.77751595,1117.62632985,105 - Frog
0.0937873858,5.0935656992,-204.892984683,107.328798045,-98.9921300869,-24.1476174279,5.9524518196,25.2266667619,-10.7662796458,-5.1526121353,10.010300312,10.7784481753,-1.7358540702,3.2030344362,-0.124784297,2860.75065523,5371.50997861,2483.97186027,105 - Frog
0.064101925,1.9087794346,-291.905901213,188.632218121,-54.9452395575,-44.6943397464,4.6517640961,3.6223288649,-0.8035327292,-10.8007991476,-25.8049435948,-12.5201546609,4.2576381553,-10.1447183634,-10.6759815839,1776.67822205,2908.88094094,1757.69563491,105 - Frog
0.0893033552,1.0109710375,-423.797014196,62.7689801863,-29.1925180694,6.6073648891,8.4716153306,26.1144343919,5.8839225018,9.206150388,8.7414965293,20.0530216968,8.2919486724,8.5017430669,-3.7901013715,5088.45384857,12259.6369272,4756.16415025,105 - Frog
0.1268681573,1.9978082648,-224.448172627,113.710197095,-87.390830334,64.339713241,1.7856713827,2.2215226036,-2.7009457573,15.9045067972,0.124654345,9.7257216914,-4.2985270817,3.6731786439,5.3673401304,3601.4500198,6601.90021842,2596.42135731,105 - Frog
0.0385458962,0.6486636889,-463.354468664,159.070775702,12.882669213,-27.2861182692,-4.9865182945,6.7492909991,11.0772298234,16.5774644306,5.3464551346,-6.4510227445,0.1710777556,4.2960409379,1.8089572909,2145.62176176,6839.91455645,3446.9026943,105 - Frog
0.0881579901,2.8309955229,-199.594985106,167.061583002,-100.493438659,-12.4086790689,9.6781939572,37.5162769242,4.5661653217,2.817466015,7.8843926784,21.9082943352,-12.472968382,7.7495907924,-3.5169266835,2316.56421153,3750.02481058,1969.22772248,105 - Frog
0.0869933657,2.0259762895,-335.587030316,112.586179792,-122.80475999,-16.862315026,16.793874276,29.8134595501,13.9550047988,29.9430611529,38.4749837417,15.9342420343,-3.7837743841,-12.0496491485,12.2775348619,2364.71226378,3760.81639266,1674.39735893,105 - Frog
0.0670044229,1.1712136907,-417.209631673,144.727770657,-50.0629325555,-43.2579978897,12.9655012278,22.6679082772,-3.1496363242,-7.3206827173,28.5446847339,32.5109196447,7.0300568482,-7.2381690768,-13.8019560813,2014.94174352,3080.44711155,2264.11138931,105 - Frog
0.0224020265,0.8143101295,-378.099208127,161.177843533,4.1720087541,5.6945686153,-10.4737103681,33.7909449918,10.3643625407,19.4343203886,4.6462933764,4.5684861013,8.3476502052,18.7368770683,2.5496310687,1597.85080876,4489.89767619,2999.34340536,105 - Frog
0.0411187192,1.8869071731,-328.710059751,113.72253218,-48.293485954,17.4714606081,32.9953730058,27.6732055744,-7.097747067,35.3193825126,26.7441597511,15.4162882189,-22.3751771815,10.7264319187,28.194957181,2331.28097927,4615.39977886,2895.82726401,105 - Frog
0.0867452599,0.3628045404,-398.636246683,115.974452299,-50.0062417696,34.4708056688,0.5202186699,42.7698926874,-17.0924324795,18.4737980425,-0.282305248,9.5512135109,10.1283158264,0.5780198796,16.4959830662,3489.01431013,8340.89372462,3522.44875248,105 - Frog
0.0980029184,2.1560194922,-225.702373606,158.522320677,-127.582322396,1.7342249574,-8.036390998,12.9108218675,-20.8634644032,-15.4619268187,-27.105269994,1.6948883066,5.2078489429,-17.2694491142,8.3776634035,2550.68542654,4670.30694877,1854.96487048,105 - Frog
0.0491272114,5.4405706963,-231.873004864,155.942446207,-48.8639566968,-7.3872444948,12.5405350422,40.7185041142,13.7197235238,13.75215818,26.8859212834,30.9425483765,3.6067819524,-13.2925967139,-10.2870746883,1778.20672259,3076.50019033,2131.51307003,105 - Frog
0.0950290476,0.5177652777,-362.079974441,128.787408262,-69.5855262938,5.5324900062,-3.8747821148,31.1504449434,-24.5180140929,8.6356212057,-12.007608359,-5.4469110663,14.3697484669,-4.3523392903,9.0858850323,3159.3661791,7140.43014066,3006.91086328,105 - Frog
0.0833227596,4.5629776489,-237.948680817,117.214266299,-104.731439483,-38.087024591,10.8281235828,35.7042529757,8.2448200384,23.660740585,38.4416867752,28.3663967281,3.5668463959,-10.9224252085,-5.3000532993,2397.92408509,3663.09262163,1937.33748419,105 - Frog
0.0584578016,0.4622175005,-433.3725685,193.402545491,-47.6594056899,-39.1448966444,5.9092342685,4.2458012803,-6.6515729123,4.0617961569,-0.0266817537,1.1865961133,6.8270781558,0.9362978331,1.5090520173,1951.58393291,3730.19028241,2383.93052821,105 - Frog
0.0507087442,5.2066044263,-238.810465715,145.730841669,-49.2472645819,-10.0019981498,13.9844643673,37.6060646992,10.9979184075,14.8942874784,27.8650856051,26.2084575538,2.8689679728,-10.5751519129,-6.0886070095,1812.37878174,3162.18335357,2152.76713707,105 - Frog
0.0473564838,0.8017931012,-469.218092077,113.948299049,-14.327130679,-11.0763115563,23.8239664874,41.0347484924,7.7968253895,0.6260292607,23.4822470653,25.073183287,18.7038244478,-3.9435132361,-10.9526426428,2389.95182295,6825.6257024,3347.94107585,105 - Frog
0.13260178,2.4289284212,-256.195355215,97.8114643719,-53.802254492,20.4228861279,-18.495488047,-7.7053714996,-12.6078918326,-12.1761403591,14.4464989766,14.2108557858,-19.8685548736,6.824012321,6.9750499203,3125.07763107,5785.986668,2478.22351259,105 - Frog
0.0403200225,0.7278020857,-435.238021915,154.616572525,4.9487004334,-32.9460902143,-2.1159422471,14.8988692113,14.8854654468,13.043963479,0.2110053286,-7.6691516524,4.8656375855,10.7467425552,3.4877280986,2000.8672988,5384.64972901,3136.17682183,105 - Frog
0.0244106638,3.9818004007,-323.241527617,98.1238658286,-38.378831095,7.8063649745,48.1566601243,21.0011906472,6.7044626845,31.4696204346,36.3153250838,7.5536821225,-15.3655718485,5.2025233398,34.7166422293,1828.87899152,3695.51732889,2630.93708723,105 - Frog
0.0683514447,2.034343267,-243.839556862,177.87149933,-78.5137802355,-1.1220085653,-4.4570789951,10.8599274457,-11.1993029249,10.4142782877,1.1595847919,-7.5384247334,6.6952475089,-3.9159128696,-1.2190969899,2176.03721027,4498.441012,2053.52921723,105 - Frog
0.0607202092,2.039744288,-292.251082304,197.256474456,-55.8164690926,-45.0708841174,3.542964985,-1.3327953839,-1.442189298,-9.9797678141,-25.3855875287,-12.8855410697,4.4723425232,-8.5174598155,-12.8255622322,1696.78014561,2803.41321056,1697.10723471,105 - Frog
0.0688544537,2.008669057,-375.172928834,116.072195222,-60.0350403255,-28.6269943599,12.0070229959,43.0670040145,1.6284966773,10.6485500312,38.9632791458,24.5975329236,14.6500432043,-10.6682122165,-12.0695082067,2427.85452852,5090.72900051,2550.26604018,105 - Frog
0.0241478303,6.2986533642,-217.225835961,158.266437638,-0.7972505406,25.3116686572,17.4726983742,37.6912077307,3.7024469636,12.6438066238,17.869989083,28.3686672985,4.9872537183,-6.9456847354,-5.6865407422,1340.37732993,2842.3828125,2423.59301908,105 - Frog
0.0553729064,0.4729116466,-440.788208855,169.354542729,-34.0201840093,-43.9459704547,12.3055694083,24.0346060511,-5.7919696759,-0.1243053478,11.5424186517,15.7250895412,4.9936449597,-7.1043965351,-7.284532079,1821.89908185,2854.2735372,2296.90497636,105 - Frog
0.0764109176,1.1632834535,-417.162867892,53.7149386736,-38.7142772729,2.4703828388,2.3485994137,23.9170405056,1.5849148388,7.2819977725,8.3338708529,15.455880634,7.6354671275,8.6873077193,-6.6199483256,5169.01881528,12421.8603855,4754.58645197,105 - Frog
0.0695115375,2.1958932912,-369.749992678,108.458390388,-53.7596853547,-29.8261432597,11.9115315186,38.1520589178,0.4496125218,10.5724275207,35.8887499883,30.9292146051,20.0418870039,-9.8504448723,-13.326226634,2488.4057618,5456.59360952,2710.00501472,105 - Frog
0.0879982508,2.7205524411,-327.775717494,148.87179588,-112.044066494,-71.7696424713,-1.984742665,9.3741904019,1.2889294408,-0.3292864529,39.367076355,41.8940492591,13.3406000811,-1.5995733814,-25.2100526568,1977.79323249,2591.47852922,1212.26111584,105 - Frog
0.0682947995,0.9396806301,-282.994571082,141.977406205,-43.6684504622,4.6793297487,14.5222210984,36.3306089272,3.8680321132,11.0343155735,1.574631335,19.7223623357,-9.1560389854,4.4912263234,-7.324022139,2708.10532805,6761.02609302,3323.3784904,105 - Frog
0.0898800029,5.4736284181,-197.074722688,181.421059972,-97.9050406332,-24.8487368875,0.5421807373,11.721472873,-3.695858676,-9.5391929321,16.3343284774,42.6875336685,13.2302914202,-10.8489173199,-14.2870819943,2051.26750798,2815.90346759,1446.741784,105 - Frog
0.0502725765,1.985996409,-293.404343412,188.049874949,-49.8036885754,-18.9014850269,10.7030011292,8.387241915,11.1417056496,23.3123642891,-5.2576622689,-14.9043997484,11.5367042261,0.3229050399,-6.7639765433,1680.88686654,3270.59878462,1912.94750264,105 - Frog
0.0646060669,4.7388898372,-264.216717853,132.529487193,-71.6587805636,-28.401233343,14.0396289436,35.9252760061,9.2586477286,17.6175519207,37.062396207,31.5320872218,1.8842259882,-14.6927821232,-9.7052453892,2037.5630554,3231.72910473,1967.62382242,105 - Frog
0.0629406993,2.6270381292,-238.352307726,165.008287787,-53.4614846564,-27.6341221771,23.2255307712,8.5501087136,-1.3478938008,-20.8669199468,-40.455893359,-16.0713284771,-2.2282877634,-9.7248601723,1.5550114838,1947.51738798,3517.80595182,2084.38010593,105 - Frog
0.1043075243,0.5824726232,-431.025929927,118.021341471,-61.402200086,43.9971703359,6.5464523529,-22.6809517022,17.6096356269,-5.6365114779,-16.2178161707,38.2218817005,24.1572323042,11.3105704358,28.3075976912,3064.12115713,5733.62751051,2648.24453098,105 - Frog
0.067880157,2.3706804673,-255.421502568,180.983812405,-74.1848060157,-16.7457335902,12.7214797337,2.7253113066,-3.9969045613,18.5117431629,-2.3508140354,-6.9821304519,13.0222371246,-5.0066823031,-7.1011007568,2011.76157162,3579.7576267,1797.03006594,105 - Frog
0.1012634136,1.3730924941,-303.070365794,148.471091458,-132.512136821,5.6568085391,-25.1870997927,-22.0375346649,37.7868651839,-17.3613454575,-26.3383439682,-8.8146159641,-7.6519650867,0.6067508814,2.7183608118,2786.75963842,5482.92307135,1877.21308457,110 - Crow
0.0747183603,3.1375254274,-186.597804808,182.536273091,-98.0753133096,-1.5791042474,-12.7575263294,40.1899049047,18.1043035452,0.5299825965,9.7797982219,14.3590454261,-2.8828773135,15.9320906956,7.5586444285,2142.73942951,4401.51661742,1949.95152464,110 - Crow
0.0830112112,0.5113816217,-351.83231176,154.609369858,-115.344983315,-0.4646210481,-12.3023236844,33.5338107192,7.1408605668,10.1603679823,-16.5006115328,-3.256215775,-9.4368472433,8.1609335777,-3.7271769359,2487.79861004,4704.43033099,2088.43608109,110 - Crow
0.034956859,1.020702034,-371.112915807,135.057521817,-6.1643097334,-2.3034263705,18.9482166128,32.6795574911,10.8503222346,12.7944091913,7.5977051405,23.2093245617,3.4478747242,23.0335412733,2.0829235377,2402.40695073,8328.30354553,4005.1144303,110 - Crow
0.0151650413,0.2304720962,-610.339951514,24.276593666,-15.5481112033,-1.8672998226,-0.2424674867,8.7527119163,-1.2113921737,-1.3525849065,3.0581550016,2.9546084667,-0.7864983559,3.0998041086,0.5110551258,475.869278565,918.58346324,442.645112043,110 - Crow
0.0224348807,8.3306290675,-173.180369193,159.660919341,-36.9472521408,8.0680429854,-6.7677823505,8.9979088781,38.5524768294,21.1593261245,0.8663739882,7.9644379631,1.8655591683,13.9669692957,18.1892001923,1536.45684435,4237.59448412,2480.10326687,110 - Crow
0.0780400323,1.9118763296,-236.293426624,151.365314566,-82.6286061943,4.3319212009,-7.7606719927,33.9396957628,11.5397489476,12.9706261067,4.6945064143,29.6464671995,1.1223529007,19.3525400468,16.7743826912,2497.04968144,4895.23149743,2550.5324263,110 - Crow
0.0693280072,0.6058564566,-312.041451383,136.223299544,-52.3931399688,-25.734706973,-48.6813505816,-1.5104772962,-34.1692410178,-22.4956647835,-35.1574980732,-4.8401442225,-31.7617690349,0.6932781453,-24.2497994288,2833.02983404,8052.36878716,3574.45501497,110 - Crow
0.1023770574,2.7873349468,-224.099309661,72.1434013877,-139.165833288,-12.7192430945,-50.8742550025,14.1559871596,3.7634036313,-8.2258705175,-24.2485653686,-17.1264396003,-11.1273367636,3.3660612115,-7.448109299,3473.49921651,7091.46833309,2745.45849342,110 - Crow
0.064266196,0.511030102,-326.476135927,135.32922794,-39.9570083059,-36.6117704595,-53.3746144813,-1.3671662657,-36.5575321939,-17.0084811682,-40.2969490557,-4.6920178118,-31.4559341705,-3.9960083455,-29.5643760338,2912.03832174,8856.24172981,3949.58375169,110 - Crow
0.0928538736,0.9706100619,-519.378433993,64.0247066036,-119.569118358,-70.9849341036,-16.9700388747,14.0857122615,9.8216595737,-27.6691824675,5.8698772392,23.5487879514,-7.066677566,9.0640286855,17.9073626505,2546.31879549,4263.52425772,1720.13562814,110 - Crow
0.0771484375,1.8096234774,-390.197862472,90.0638414551,-83.3489808431,-72.771761795,-28.8605473518,7.4231590639,-5.1380017925,-15.1854553543,-9.1210893365,-5.2190866231,-7.718602855,4.3396162334,1.9143921566,2414.74771693,4291.9021217,2383.57557057,110 - Crow
0.1416208219,1.0225379671,-332.479806881,61.2687945423,-115.705547124,-7.853092458,-28.9536487709,1.3895452837,1.2474589477,-7.9718685364,-19.0480667982,-7.1109546099,-11.769237762,-2.9569439074,-13.2380155319,4199.64611451,8776.50392891,3331.13240606,110 - Crow
0.0880560289,0.7051739121,-331.776530126,121.570541651,-34.7428887807,40.3734362972,-10.7297114999,20.2735457486,10.0929120695,2.7901000273,-5.5740610636,-4.5276857545,-7.2254739877,-4.3502933719,-0.9131662348,3140.03917669,7395.23138414,3241.70453543,110 - Crow
0.071166709,3.3887821948,-130.102609607,161.063180103,-68.6266177416,10.5922987335,-41.4613238812,31.9593491981,6.7484734925,27.875543872,-14.6787833555,12.9447232764,-9.2444874039,12.5409689988,2.0250239939,2571.35091387,6220.84745686,2832.50709348,110 - Crow
0.0336166346,1.8437481957,-401.531207576,81.1438288004,-45.6622336066,5.1618490538,-11.1551990146,23.13165955,6.6350068575,-0.2712349076,4.3071722534,7.426640976,1.632812216,5.7166978448,4.8663227356,1109.64711255,2607.86574645,1089.6358917,110 - Crow
0.0425869616,1.5245541944,-326.156762219,165.443482636,-50.843581521,8.1621816125,-11.6368407274,16.2229160036,-14.4656077404,-4.2391892754,-5.5643331658,5.7381259419,-11.2834501063,-9.3867785779,-7.8654298909,1419.01133033,2740.66215922,1593.42042975,110 - Crow
0.0780230387,0.7542681276,-428.709838773,111.429406969,-86.4259468988,7.7692884676,-18.6621272779,-15.3708429794,34.9532395174,-8.2196028434,-22.0606907592,-6.1468605747,-5.9526967325,0.7324736496,6.0183649083,2103.75996709,4043.04624057,1405.47247966,110 - Crow
0.0674768435,0.2230770309,-400.938150361,168.657764429,-60.1085180348,19.2017307735,-17.4192806437,37.76366395,-3.2797345662,14.5501618613,-9.0060250017,10.3756628628,-0.7803258407,13.3110463161,-5.6542196278,2401.88200187,5913.23740665,2791.55098942,110 - Crow
0.0736851526,1.0039505951,-343.410751631,110.868773155,-16.9108937525,19.4042028272,-0.8622614872,7.4846795664,21.850450557,6.8112234517,-0.1596624205,-3.540744236,2.4882133149,10.0171321612,7.9308982562,2901.4009136,7412.96754912,3271.96893342,110 - Crow
0.0567527824,2.6171580803,-209.703492194,170.458180089,-70.4575114116,-10.8237411525,-8.4761700329,34.0243120124,23.3834201715,14.7168825882,-7.6307624337,11.7372795509,-3.7081699654,18.6359371236,5.2416579135,1983.55529058,4024.260894,2343.60416617,110 - Crow
0.0413294392,3.4625892103,-173.323041035,131.760055977,-23.4874200433,44.7241026463,-16.8029904729,35.05570499,13.7213509857,24.1253984671,-3.6006158436,12.1855035924,-1.4796977142,13.7391572578,4.7806405175,2670.3419153,7892.29365302,3522.68436564,110 - Crow
0.1143235209,3.2965603196,-190.933995619,122.744357414,-96.2999143243,23.735095178,-29.2266492353,10.9075844965,6.1035213195,-15.2838810713,-2.8090209218,-4.559020002,3.5228755611,0.8497037752,8.3075730997,3245.20365068,6822.62804071,2569.69473405,110 - Crow
0.0269325062,1.9458911272,-282.516306189,197.26238744,-18.945482763,-7.0129636001,8.2093575792,29.3862906836,26.226846218,13.9119060496,-2.2998043867,6.1267818982,3.6001051937,9.4363140219,2.25996024,1232.0680641,2446.24182044,2069.19388724,110 - Crow
0.0341672256,0.153404928,-657.057954347,48.1840265563,-39.9492016708,-0.7986361025,-13.2293062587,12.9003846583,-0.0630069465,-1.7478675155,-5.1924734091,-0.7320814531,-2.3378374145,5.5549148777,0.2504155371,1169.05724902,2555.00697868,1037.87713672,110 - Crow
0.0106085049,3.5835637696,-314.381443395,168.442735428,9.1461964501,-2.8732129158,19.1387347391,29.4900536532,37.4225616893,21.802718769,11.7679020257,14.742324686,7.8650180527,10.3183575633,6.7064649168,979.596572573,1973.26076711,2311.78349742,110 - Crow
0.0840920008,2.1885248651,-184.031991595,105.981880978,-36.7164961638,-24.3102596073,-48.5007814981,-13.0618785443,-19.0737774385,-5.2634206438,-43.789234619,-11.05844757,-27.7835466645,-10.415346841,-24.0971550116,3785.08425062,10963.4979744,4466.09556925,110 - Crow
0.0658114759,0.5503549704,-329.715067578,124.133447128,-23.6190842746,-26.1944641824,-44.6359878751,-7.8727865998,-32.1431699303,-14.6377694556,-34.4960706958,-8.4268768843,-28.3408608366,-7.1111669104,-25.6239463373,3287.51174048,10318.7509063,4346.29764056,110 - Crow
0.0515516241,2.082339953,-220.456453204,177.810149202,-66.135727783,9.0177636769,-15.7024165059,34.0048531294,8.102690714,-4.028141987,6.1961308838,7.43127381,-0.9207693448,12.716849719,18.0300192185,1958.63317009,4546.30367695,2243.65402461,110 - Crow
0.070044002,2.4057591802,-215.040016694,182.169864781,-88.033878685,-3.7668877736,-12.5696890246,40.5524234478,17.9188197762,-0.1055538628,4.2521999248,15.9978539633,-4.6825482749,16.6408932714,11.396007666,2119.73104951,4365.84444334,2055.45606146,110 - Crow
0.0711111967,2.0395410161,-227.364499888,168.147722655,-80.0641218104,29.1556027151,-7.9681864544,23.1299154155,9.2229680903,-0.5497561368,2.4782978949,9.0475563643,4.6557933431,13.2719323427,8.346900253,2309.68608286,5035.02245414,2281.33309772,110 - Crow
0.0255832185,2.1180969779,-398.813346501,79.6753811444,-34.9991138303,5.4347759788,-6.1805534092,20.2230063605,7.0263544492,-4.613170567,4.1022387544,6.4950075678,0.8786575055,1.1192711893,8.8257006774,854.598591155,1992.29591883,877.22003058,110 - Crow
0.052758166,1.4825082811,-433.031965432,84.7338005905,-51.9296162923,-64.3687311566,-2.7435422618,14.1875357759,0.6998065138,6.5237357139,6.6127786066,-13.9644210474,-19.3888398649,-5.2868970079,-1.1208832728,1428.10779128,2267.03161253,1132.43384289,110 - Crow
0.061669582,2.7705265241,-209.480780787,149.61321746,-19.3485318866,-5.9863782148,-24.8912977513,10.7168284354,15.3657353827,3.2286223733,-6.4032744249,8.1870194398,2.0445687586,6.5116055439,-3.8944610961,2636.36263318,7147.12491843,3492.39034915,110 - Crow
0.0755646389,3.9038456265,-185.519355431,173.793676541,-101.623862324,-1.725324416,-9.3337005599,46.103867645,19.5821709879,-0.2470341866,8.3888159719,15.3151366672,1.1538999596,13.1670129376,4.3011717067,2160.23991418,4346.75933059,1935.09275225,110 - Crow
0.0808949482,4.0557838471,-146.627368999,175.583892447,-110.580356097,12.1495180982,-25.0428162782,36.2921523408,11.2468604141,-11.7700059332,14.1471412179,5.0152176874,-3.1385774319,13.9289398227,19.226692883,2370.00207374,5285.82681536,2022.3190353,110 - Crow
0.0316227251,0.2691956369,-432.510065912,149.559761617,-21.8826197783,32.7013604995,-16.8152566703,36.5679097327,0.1889373086,20.3805437443,-11.865883885,16.642912908,-6.305885825,11.6893316864,4.0111899151,2375.74064436,7537.72023637,3524.19757276,110 - Crow
0.0468670697,1.9571849572,-257.811285163,166.719921183,-56.2174904376,26.3697381206,-8.1785028536,21.7846559114,14.2172402714,-0.8371973741,7.305043692,6.0046268492,4.6252751982,13.9383838338,8.5876108173,1974.91075761,5039.11925845,2405.62959286,110 - Crow
0.1120282591,3.9218979145,-183.461405185,116.058790994,-82.1156382234,18.5180357462,-21.5256704647,10.9881508481,9.2046109399,-13.2579589704,0.3145024076,-1.7557283013,1.3705110771,1.1173558275,4.6199672616,3237.88518108,6979.35578596,2673.66664298,110 - Crow
0.0863249529,0.7414452067,-526.61457939,67.0444762829,-54.1828076468,-47.66963621,-37.1170461139,1.0903216973,-2.2805597733,-8.7164111488,-8.5363922668,-4.0327770323,-11.2916651013,-1.990982173,0.8497014079,3626.41144732,9445.33221251,3861.86380418,110 - Crow
